<?xml version="1.0"?>
<EmbeddedProfile xmlns:xsi="http://www.w3.org/2001/XMLSchema-instance" xmlns:xsd="http://www.w3.org/2001/XMLSchema">
  <ToolchainID>com.visualgdb.arm-eabi</ToolchainID>
  <ToolchainVersion>
    <GCC>7.2.0</GCC>
    <GDB>8.0.1</GDB>
    <Revision>3</Revision>
  </ToolchainVersion>
  <BspID>com.sysprogs.arm.stm32</BspID>
  <BspVersion>4.6R3</BspVersion>
  <McuID>STM32L051K6</McuID>
  <MCUDefinitionFile>STM32L0xxxx/DeviceDefinitions/stm32l051xx.xml</MCUDefinitionFile>
  <MCUProperties>
    <Entries>
      <KeyValue>
        <Key>com.sysprogs.bspoptions.primary_memory</Key>
        <Value>flash</Value>
      </KeyValue>
      <KeyValue>
        <Key>com.sysprogs.mcuoptions.ignore_startup_file</Key>
        <Value />
      </KeyValue>
      <KeyValue>
        <Key>com.sysprogs.toolchainoptions.arm.libctype</Key>
        <Value />
      </KeyValue>
      <KeyValue>
        <Key>com.sysprogs.toolchainoptions.arm.libnosys</Key>
        <Value />
      </KeyValue>
    </Entries>
  </MCUProperties>
  <BSPSourceFolderName>Device-specific files</BSPSourceFolderName>
  <MCUMakFile>stm32.mak</MCUMakFile>
  <ReferencedFrameworks />
  <FrameworkProperties>
    <Entries />
  </FrameworkProperties>
  <TestFrameworkProperties>
    <Entries />
  </TestFrameworkProperties>
  <ImportedProject>
    <ImporterID>com.sysprogs.project_importers.stm32.cubemx</ImporterID>
    <RelativeProjectPath>..\..\stm32key.gpdsc</RelativeProjectPath>
    <AllDependencies>
      <ProjectDependency>
        <RelativePath>..\..\stm32key.gpdsc</RelativePath>
        <Timestamp>131700724820696070</Timestamp>
      </ProjectDependency>
    </AllDependencies>
    <RootDirectory>
      <Subdirectories>
        <VirtualDirectorySnapshot>
          <Name>CORE</Name>
          <Files>
            <VirtualFileSnapshot>
              <RelativePath>..\..\Drivers\CMSIS\Include\core_cm0plus.h</RelativePath>
            </VirtualFileSnapshot>
          </Files>
        </VirtualDirectorySnapshot>
        <VirtualDirectorySnapshot>
          <Name>Startup</Name>
          <Files>
            <VirtualFileSnapshot>
              <RelativePath>..\..\Drivers\CMSIS\Device\ST\STM32L0xx\Include\stm32l0xx.h</RelativePath>
            </VirtualFileSnapshot>
            <VirtualFileSnapshot>
              <RelativePath>..\..\Drivers\CMSIS\Device\ST\STM32L0xx\Include\system_stm32l0xx.h</RelativePath>
            </VirtualFileSnapshot>
            <VirtualFileSnapshot>
              <RelativePath>..\..\Drivers\CMSIS\Device\ST\STM32L0xx\Source\Templates\system_stm32l0xx.c</RelativePath>
            </VirtualFileSnapshot>
          </Files>
        </VirtualDirectorySnapshot>
        <VirtualDirectorySnapshot>
          <Name>STM32Cube HAL</Name>
          <Subdirectories>
            <VirtualDirectorySnapshot>
              <Name>COMMON</Name>
              <Files>
                <VirtualFileSnapshot>
                  <RelativePath>..\..\Drivers\STM32L0xx_HAL_Driver\Inc\stm32l0xx_hal.h</RelativePath>
                </VirtualFileSnapshot>
                <VirtualFileSnapshot>
                  <RelativePath>..\..\Drivers\STM32L0xx_HAL_Driver\Src\stm32l0xx_hal.c</RelativePath>
                </VirtualFileSnapshot>
                <VirtualFileSnapshot>
                  <RelativePath>..\..\Drivers\STM32L0xx_HAL_Driver\Inc\stm32l0xx_hal.h</RelativePath>
                </VirtualFileSnapshot>
                <VirtualFileSnapshot>
                  <RelativePath>..\..\Drivers\STM32L0xx_HAL_Driver\Inc\stm32l0xx_hal_def.h</RelativePath>
                </VirtualFileSnapshot>
                <VirtualFileSnapshot>
                  <RelativePath>..\..\Drivers\STM32L0xx_HAL_Driver\Src\stm32l0xx_hal.c</RelativePath>
                </VirtualFileSnapshot>
                <VirtualFileSnapshot>
                  <RelativePath>..\..\Drivers\STM32L0xx_HAL_Driver\Inc\Legacy\stm32_hal_legacy.h</RelativePath>
                </VirtualFileSnapshot>
                <VirtualFileSnapshot>
                  <RelativePath>..\..\Drivers\STM32L0xx_HAL_Driver\Inc\stm32l0xx_hal_i2c.h</RelativePath>
                </VirtualFileSnapshot>
                <VirtualFileSnapshot>
                  <RelativePath>..\..\Drivers\STM32L0xx_HAL_Driver\Src\stm32l0xx_hal_i2c.c</RelativePath>
                </VirtualFileSnapshot>
                <VirtualFileSnapshot>
                  <RelativePath>..\..\Drivers\STM32L0xx_HAL_Driver\Inc\stm32l0xx_hal_i2c_ex.h</RelativePath>
                </VirtualFileSnapshot>
                <VirtualFileSnapshot>
                  <RelativePath>..\..\Drivers\STM32L0xx_HAL_Driver\Src\stm32l0xx_hal_i2c_ex.c</RelativePath>
                </VirtualFileSnapshot>
              </Files>
            </VirtualDirectorySnapshot>
            <VirtualDirectorySnapshot>
              <Name>ADC</Name>
              <Files>
                <VirtualFileSnapshot>
                  <RelativePath>..\..\Drivers\STM32L0xx_HAL_Driver\Inc\stm32l0xx_hal_adc.h</RelativePath>
                </VirtualFileSnapshot>
                <VirtualFileSnapshot>
                  <RelativePath>..\..\Drivers\STM32L0xx_HAL_Driver\Inc\stm32l0xx_hal_adc_ex.h</RelativePath>
                </VirtualFileSnapshot>
                <VirtualFileSnapshot>
                  <RelativePath>..\..\Drivers\STM32L0xx_HAL_Driver\Src\stm32l0xx_hal_adc.c</RelativePath>
                </VirtualFileSnapshot>
                <VirtualFileSnapshot>
                  <RelativePath>..\..\Drivers\STM32L0xx_HAL_Driver\Src\stm32l0xx_hal_adc_ex.c</RelativePath>
                </VirtualFileSnapshot>
              </Files>
            </VirtualDirectorySnapshot>
            <VirtualDirectorySnapshot>
              <Name>RCC</Name>
              <Files>
                <VirtualFileSnapshot>
                  <RelativePath>..\..\Drivers\STM32L0xx_HAL_Driver\Inc\stm32l0xx_hal_rcc.h</RelativePath>
                </VirtualFileSnapshot>
                <VirtualFileSnapshot>
                  <RelativePath>..\..\Drivers\STM32L0xx_HAL_Driver\Inc\stm32l0xx_hal_rcc_ex.h</RelativePath>
                </VirtualFileSnapshot>
                <VirtualFileSnapshot>
                  <RelativePath>..\..\Drivers\STM32L0xx_HAL_Driver\Src\stm32l0xx_hal_rcc.c</RelativePath>
                </VirtualFileSnapshot>
                <VirtualFileSnapshot>
                  <RelativePath>..\..\Drivers\STM32L0xx_HAL_Driver\Src\stm32l0xx_hal_rcc_ex.c</RelativePath>
                </VirtualFileSnapshot>
              </Files>
            </VirtualDirectorySnapshot>
            <VirtualDirectorySnapshot>
              <Name>CORTEX</Name>
              <Files>
                <VirtualFileSnapshot>
                  <RelativePath>..\..\Drivers\STM32L0xx_HAL_Driver\Inc\stm32l0xx_hal_cortex.h</RelativePath>
                </VirtualFileSnapshot>
                <VirtualFileSnapshot>
                  <RelativePath>..\..\Drivers\STM32L0xx_HAL_Driver\Src\stm32l0xx_hal_cortex.c</RelativePath>
                </VirtualFileSnapshot>
              </Files>
            </VirtualDirectorySnapshot>
            <VirtualDirectorySnapshot>
              <Name>TIM</Name>
              <Files>
                <VirtualFileSnapshot>
                  <RelativePath>..\..\Drivers\STM32L0xx_HAL_Driver\Inc\stm32l0xx_hal_tim.h</RelativePath>
                </VirtualFileSnapshot>
                <VirtualFileSnapshot>
                  <RelativePath>..\..\Drivers\STM32L0xx_HAL_Driver\Inc\stm32l0xx_hal_tim_ex.h</RelativePath>
                </VirtualFileSnapshot>
                <VirtualFileSnapshot>
                  <RelativePath>..\..\Drivers\STM32L0xx_HAL_Driver\Src\stm32l0xx_hal_tim.c</RelativePath>
                </VirtualFileSnapshot>
                <VirtualFileSnapshot>
                  <RelativePath>..\..\Drivers\STM32L0xx_HAL_Driver\Src\stm32l0xx_hal_tim_ex.c</RelativePath>
                </VirtualFileSnapshot>
              </Files>
            </VirtualDirectorySnapshot>
            <VirtualDirectorySnapshot>
              <Name>DMA</Name>
              <Files>
                <VirtualFileSnapshot>
                  <RelativePath>..\..\Drivers\STM32L0xx_HAL_Driver\Inc\stm32l0xx_hal_dma.h</RelativePath>
                </VirtualFileSnapshot>
                <VirtualFileSnapshot>
                  <RelativePath>..\..\Drivers\STM32L0xx_HAL_Driver\Src\stm32l0xx_hal_dma.c</RelativePath>
                </VirtualFileSnapshot>
                <VirtualFileSnapshot>
                  <RelativePath>..\..\Drivers\STM32L0xx_HAL_Driver\Inc\stm32l0xx_hal_dma_ex.h</RelativePath>
                </VirtualFileSnapshot>
                <VirtualFileSnapshot>
                  <RelativePath>..\..\Drivers\STM32L0xx_HAL_Driver\Inc\stm32l0xx_hal_dma.h</RelativePath>
                </VirtualFileSnapshot>
                <VirtualFileSnapshot>
                  <RelativePath>..\..\Drivers\STM32L0xx_HAL_Driver\Src\stm32l0xx_hal_dma.c</RelativePath>
                </VirtualFileSnapshot>
              </Files>
            </VirtualDirectorySnapshot>
            <VirtualDirectorySnapshot>
              <Name>PWR</Name>
              <Files>
                <VirtualFileSnapshot>
                  <RelativePath>..\..\Drivers\STM32L0xx_HAL_Driver\Inc\stm32l0xx_hal_pwr.h</RelativePath>
                </VirtualFileSnapshot>
                <VirtualFileSnapshot>
                  <RelativePath>..\..\Drivers\STM32L0xx_HAL_Driver\Inc\stm32l0xx_hal_pwr_ex.h</RelativePath>
                </VirtualFileSnapshot>
                <VirtualFileSnapshot>
                  <RelativePath>..\..\Drivers\STM32L0xx_HAL_Driver\Src\stm32l0xx_hal_pwr.c</RelativePath>
                </VirtualFileSnapshot>
                <VirtualFileSnapshot>
                  <RelativePath>..\..\Drivers\STM32L0xx_HAL_Driver\Src\stm32l0xx_hal_pwr_ex.c</RelativePath>
                </VirtualFileSnapshot>
              </Files>
            </VirtualDirectorySnapshot>
            <VirtualDirectorySnapshot>
              <Name>FLASH</Name>
              <Files>
                <VirtualFileSnapshot>
                  <RelativePath>..\..\Drivers\STM32L0xx_HAL_Driver\Inc\stm32l0xx_hal_flash_ramfunc.h</RelativePath>
                </VirtualFileSnapshot>
                <VirtualFileSnapshot>
                  <RelativePath>..\..\Drivers\STM32L0xx_HAL_Driver\Src\stm32l0xx_hal_flash_ramfunc.c</RelativePath>
                </VirtualFileSnapshot>
                <VirtualFileSnapshot>
                  <RelativePath>..\..\Drivers\STM32L0xx_HAL_Driver\Inc\stm32l0xx_hal_flash.h</RelativePath>
                </VirtualFileSnapshot>
                <VirtualFileSnapshot>
                  <RelativePath>..\..\Drivers\STM32L0xx_HAL_Driver\Inc\stm32l0xx_hal_flash_ex.h</RelativePath>
                </VirtualFileSnapshot>
                <VirtualFileSnapshot>
                  <RelativePath>..\..\Drivers\STM32L0xx_HAL_Driver\Src\stm32l0xx_hal_flash.c</RelativePath>
                </VirtualFileSnapshot>
                <VirtualFileSnapshot>
                  <RelativePath>..\..\Drivers\STM32L0xx_HAL_Driver\Src\stm32l0xx_hal_flash_ex.c</RelativePath>
                </VirtualFileSnapshot>
              </Files>
            </VirtualDirectorySnapshot>
            <VirtualDirectorySnapshot>
              <Name>GPIO</Name>
              <Files>
                <VirtualFileSnapshot>
                  <RelativePath>..\..\Drivers\STM32L0xx_HAL_Driver\Inc\stm32l0xx_hal_gpio.h</RelativePath>
                </VirtualFileSnapshot>
                <VirtualFileSnapshot>
                  <RelativePath>..\..\Drivers\STM32L0xx_HAL_Driver\Src\stm32l0xx_hal_gpio.c</RelativePath>
                </VirtualFileSnapshot>
                <VirtualFileSnapshot>
                  <RelativePath>..\..\Drivers\STM32L0xx_HAL_Driver\Inc\stm32l0xx_hal_gpio_ex.h</RelativePath>
                </VirtualFileSnapshot>
              </Files>
            </VirtualDirectorySnapshot>
          </Subdirectories>
          <Files />
        </VirtualDirectorySnapshot>
      </Subdirectories>
      <Files>
        <VirtualFileSnapshot>
          <RelativePath>..\..\Inc\gpio.h</RelativePath>
        </VirtualFileSnapshot>
        <VirtualFileSnapshot>
          <RelativePath>..\..\Inc\adc.h</RelativePath>
        </VirtualFileSnapshot>
        <VirtualFileSnapshot>
          <RelativePath>..\..\Inc\tim.h</RelativePath>
        </VirtualFileSnapshot>
        <VirtualFileSnapshot>
          <RelativePath>..\..\Inc\stm32l0xx_it.h</RelativePath>
        </VirtualFileSnapshot>
        <VirtualFileSnapshot>
          <RelativePath>..\..\Inc\stm32l0xx_hal_conf.h</RelativePath>
        </VirtualFileSnapshot>
        <VirtualFileSnapshot>
          <RelativePath>..\..\Inc\main.h</RelativePath>
        </VirtualFileSnapshot>
        <VirtualFileSnapshot>
          <RelativePath>..\..\Src\gpio.c</RelativePath>
        </VirtualFileSnapshot>
        <VirtualFileSnapshot>
          <RelativePath>..\..\Src\adc.c</RelativePath>
        </VirtualFileSnapshot>
        <VirtualFileSnapshot>
          <RelativePath>..\..\Src\tim.c</RelativePath>
        </VirtualFileSnapshot>
        <VirtualFileSnapshot>
          <RelativePath>..\..\Src\stm32l0xx_it.c</RelativePath>
        </VirtualFileSnapshot>
        <VirtualFileSnapshot>
          <RelativePath>..\..\Src\stm32l0xx_hal_msp.c</RelativePath>
        </VirtualFileSnapshot>
        <VirtualFileSnapshot>
          <RelativePath>..\..\Src\main.c</RelativePath>
        </VirtualFileSnapshot>
      </Files>
    </RootDirectory>
    <Configurations>
      <ImportedConfiguration>
        <Settings>
          <IncludeDirectories>
            <string>F:\work\LiCunYu\stm32key\vsProj\stm32key\..\..\Inc</string>
            <string>F:\work\LiCunYu\stm32key\vsProj\stm32key\..\..\Drivers\CMSIS\Include</string>
            <string>F:\work\LiCunYu\stm32key\vsProj\stm32key\..\..\Drivers\CMSIS\Device\ST\STM32L0xx\Include</string>
            <string>F:\work\LiCunYu\stm32key\vsProj\stm32key\..\..\Drivers\STM32L0xx_HAL_Driver\Inc</string>
            <string>F:\work\LiCunYu\stm32key\vsProj\stm32key\..\..\Drivers\STM32L0xx_HAL_Driver\Inc\Legacy</string>
          </IncludeDirectories>
          <PreprocessorMacros>
            <string>$$com.sysprogs.bspoptions.primary_memory$$_layout</string>
            <string>$$com.sysprogs.stm32.hal_device_family$$</string>
          </PreprocessorMacros>
          <GeneratePreprocessorOutput>false</GeneratePreprocessorOutput>
          <IsDebugConfiguration>false</IsDebugConfiguration>
        </Settings>
      </ImportedConfiguration>
    </Configurations>
  </ImportedProject>
</EmbeddedProfile>